"iLife Zed Air 3 Laptop [13.3""/3GB RAM/ 32GB ROM/ 4800mAh/ Win10]",रू 29900
"iLife Zed Air Plus Laptop [15.6""/6GB RAM/500GB HDD, 4800mAh, Win10]",रू 32900
"Lenovo Ideapad IP110s 11.6"" HD Laptop Celeron/2GB/128GB SSD",रू 30485
"Dell Inspiron 3552 15.6 Inch Laptop [Intel Celeron, 4GB RAM, 500 GB HDD] with FREE Laptop Bag and Mouse",रू 34286
Dell Inspiron 3552 Laptop[15.6 HD Celeron 4GB 500GB Intel HD] with FREE Laptop Bag and Mouse,रू 34286
Lenovo V110 Business Laptop[15.6HD 6th Gen Celeron 4GB 500GB Intel HD] with FREE Laptop Bag and Mouse,रू 29000
Lenovo Ideapad 320 Laptop[14inch HD 6th Gen Celeron 2GB 500GB Intel HD],रू 35000
Lenovo Ideapad 330 Laptop [14inch HD 6th Gen Celeron 2GB 500GB Intel HD] With Bag and Mouse,रू 35000
"iLife Zed PC [17.3""/ 3GB RAM/ 500GB HDD/ 2500mAH/ Win10]",रू 37900
ASUS Vivobook X543MA 4GB RAM 1TB HDD,रू 39375
Dell Inspiron 3168 2 in 1 Laptop[11.6HD 6th Gen Pentium 4GB 500GB Intel HD] with FREE Laptop Bag and Mouse,रू 40714
Asus E203NAH Celeron Dual Core 8th Gen - 2 GB/500 GB HDD/ 11.6 Inch Windows 10 Home E203NAH-FD053T Laptop,रू 42500
Asus Vivobook X407MA Celeron Dual Core 8th Gen/ Ultrabook / N4000 / 4GB / 500GB / 14 Nano Edge LED / Fingerprint / Fastcharge / Anti-Glare,रू 43125
Asus 541N Laptop[15.6HD 6th Gen Dual Core 4GB 500GB Intel HD],रू 42000
Asus 541N Laptop[15.6HD 6th Gen Dual Core 4GB 500GB Intel HD],रू 42000
Dell Inspiron 3481 i3-7020U 4GB RAM 1TB HDD 14 Inch HD Notebook,रू 45900
Lenovo IP 320 [i3 6th Gen/4GB RAM/500GB HDD/ Intel HD GRAPHICS/DOS/14 inch HD Laptop] with FREE Laptop Bag and Mouse,रू 47500
Dell Inspiron 3567 15.6 Inch Laptop %5Bi3 6th Gen 4GB 1TB %5D,रू 48980
Lenovo Ideapad 110 Laptop[15.6 HD 6th Gen i3 4GB 1TB Intel HD],रू 52000
Lenovo Ideapad 110 Laptop[15.6 HD 6th Gen i3 4GB 1TB Intel HD],रू 52000
Lenovo Ideapad 330 (81G20064IH) Intel Core i3-7020U (7th Gen)/4GB RAM/1TB HDD/ DOS/14-inch HD Laptop with FREE Laptop Bag and Mouse,रू 49000
"Lenovo Ideapad IP 310 14 Inch Laptop [6th Gen, i3, 4GB RAM, 1 TB HDD]",रू 51000
"Lenovo Ideapad IP 310 14 Inch Laptop [6th Gen, i3, 4GB RAM, 1 TB HDD]",रू 51000
"Lenovo V110 Laptop(15.6inch, 6th Gen I3, 4GB,500GB)",रू 48960
